COC 035|Aférrate a ese sueño|Luis Costa
COC 036|La verdad a veces duele|Ken y Donna Stewart
COC 037|Cabeza dura|Loule y Kathy Carrillo
COC 038|Lo grande que puedes llegar a ser|Raúl Villegas
COC 039|Megacualidades de los triunfadores|Marina Buzali
COC 040|Una decisión, un evento, cambió mi vida|Aldonza Velez
COC 041|Hoy es un buen día para empezar|Lilan Davis
COC 042|De nada sirve la técnica si no hay perro|Sergio Rivera
COC 043|La oportunidad de mi vida|Joaquín y Marian Lucas
COC 044|Afuera hay muchos esperando entrar|Ivan y Millie Morales
COC 047|El precio del éxito no es negociable|Liza Cortés
COC 049|Hay muchas maneras de ser libre|Pedro Lizardi
COC 050|Hay dos cosas que tú controlas|Roberto y Loli Ritchie
COC 051|Shhhh!!!|Circe Rodríguez
COC 052|Los límites no existen, son autoimpuestos|Daniel y Angélica Hernández
COC 053|Nuestro papel en el México de hoy|Jorge Andrés Arzamendi
COC 054|Hábitos|Berc Gulick
COC 055|El sueño genera energía|Luis Costa
COC 056|Lo que vale la pena encontrar vale la pena buscar|Enrique Flores
COC 057|Vamos a llegar muy lejos|Estela Salinas
COC 058|¿A qué se dedican ustedes?|Bill Hawkings
COC 059|Paga, el precio es barato|José Luis y Flora Romero
COC 060|10 preguntas para un empresario|Ramón y María Teresa Gutiérrez
COC 064|Las personas llegan a tu vida por una razón|Liza Cortés
COC 066|Ajustando el vuelo|Marisa Dodero
COC 067|7 leyes universales|Estela Salinas
COC 068|Tu mejor tú|Joaquín y Marian Lucas
COC 069|Aprender, crecer y cambiar|Fernando y Regi Olivar
COC 070|De adentro hacia afuera|Enrique Flores
COC 071|No hay crisis, sólo cambios|Pedro Valdecanto
COC 072|Todos tenemos un cartucho de dinamita|Tony y Wilda Morales
COC 073|20 llaves de productividad|Estela Alvarado
COC 074|Personas ordinarias haciendo algo extraordinario|Luis Costa
COC 075|Busca otro como tu|Eduardo Barreto
COC 076|De cero al escenario|Jorge Andrés Arzamendi
COC 077|No podíamos ser los únicos con un sueño|Tino y Marilo Cabrera
COC 078|Tu manera de ver las cosas hace que las cosas cambien|Estela Salinas
COC 079|Reprograma tu computadora|Tommy Johnson
COC 081|Sé el dueño de tu vida|Estela Salinas
COC 083|Administración del tiempo|Jorge Andrés Arzamendi
COC 084|Cómo construir una organización|Kenny Stewart
COC 085|Libertad Financiera|Circe Rodríguez
COC 087|Mi Historia|Estela Salinas
COC 088|El Árbol Rojo del Multinivel, Parte 1|Mario Rodríguez Padrés
COC 089|El Árbol Rojo del Multinivel, Parte 2|Mario Rodríguez Padrés
COC 090|El ser y el hacer|Luis Costa, Iván Morales y Pedro Lizardi
COC 091|Vamos a hablar de realidades|Liza Cortés
COC 092|El que cree lo puede lograr|Terri e Ivon McEwen
COC 093|Taller de Cierre|Ivan Vélez
COC 094|Algunos principios que nos han ayudado|Luis Costa
COC 095|El secreto está en los cimientos|Eduardo Barreto
COC 096|Toma una decisión|Raúl Villegas
COC 097|El sistema no es negociable|Estela Salinas
COC 098|Compañía, Producto y Negocio|Gordon Morton
COC 100|Soy un hombre común|Juan Carlos Ruíz
COC 101|¡En sus marcas!, ¡Listos!...¿Listos?|Jorge Andrés Arzamendi
COC 102|Tu beneficio está en el beneficio de los demás|Luis Costa
COC 103|Mantén tu mente limpia y alimentala|Iván Morales
COC 105|Equilibrio|Liz Salinas
COC 106|Trabajo en equipo|Ana Laura Mondragón
COC 107|El camino heroico de todo líder, Parte 1|Circe Rodríguez
COC 108|El camino heroico de todo líder, Parte 2|Circe Rodríguez
COC 109|El mayor riesgo es no hacerlo|Samuel Beutelspacher
COC 110|Creando restricción|Pamela Monroy
COC 112|El águila|Fernando y Regi Olivar
COC 113|El efecto pigmalión|Estela Alvarado
COC 114|Definiendo una identidad, construyendo una visión|Israel Galván
COC 115|El sueño|Estela Salinas
COC 116|Talento vs habilidad|Salomon Hernández
COC 118|Sin protestar|Iván y Millie Morales
COC 119|Coherencia|Elizabeth Salinas
COC 123|Las coincidencias no existen|Alfonso Perea
COC 124|Automotivación es la clave|Astrid y Leo Ayala
COC 125|Lo que esta industria hace por ti|Rodrigo Villegas
COC 127|Esa noche|Eduardo Barreto
COC 128|10 principios básicos|Francisco Rodríguez
COC 129|Líderes empresarios|María Teresa Álvarez
COC 134|Rompiendo paradigmas|Sonia Sabre y Héctor Romero
COC 135|El seguimiento|Jorge Andrés Arzamendi
COC 136|Ganar es lo único|Marina Buzali
COC 138|Enfrenta tus retos|Francisco Rodríguez
COC 139|Los doce coladores|Estela Salinas
COC 141|El éxito tiene una fórmula|Dr. Lair Ribeiro
COC 142|Hemos nacido para triunfar|Luis Costa
COC 143|Y...uno crece|María Teresa Álvarez
COC 144|Network marketing: una nueva profesión|Jorge Andrés Arzamendi
COC 145|Cómo alcanzar lo que quieres en la vida|Rigoberto Romanillo
COC 146|Aprende a modelar la excelencia|Daniel Hernández
COC 147|Utiliza el sistema|Luis Costa
COC 148|¿De qué color eres tu|Estela Salinas
COC 150|Cómo lograr lo que te propones|Samuel Beutelspacher
COC 151|Edificación|Jorge Andrés Arzamendi
COC 152|Un reto para el futuro|Luis Costa
COC 153|Herramientas de auspicio y comercialización|Premiers Iuvare (Circe, Liz y Jorge)
COC 155|10 objeciones|Liza Cortés
COC 157|Convertirme en el mejor|Astrid de Esesarte
COC 158|¿Cuál es tu misión de vida?|Juan Carlos Maldonado
COC 160|Atrévete a decidir y confiar en tu corazón|Ixchel López
COC 161|¿De qué tamaño quieres tu mundo?|Circe Rodríguez
COC 162|¿Por qué nosotros estamos aquí|Estela Salinas
COC 163|El fracaso no es una opción|Juan Carlos Luengo
COC 164|Deseo, restricción y certeza|Pamela Monroy
COC 165|Tu edad no define el tamaño de tus sueños|Juan Corona
COC 166|Compromiso|Gracia Abarca
COC 168|Perseverancia y decisión|Gabriel Torres
COC 169|Esta es tu convención|Estela Salinas
COC 170|La importancia de un seminario|Fernando y Graciela García
COC 171|Sé feliz y exitoso|Samuel Beutelspacher
COC 172|Hay días que cambian tu vida para siempre|Margot Fernández
COC 175|La Cornada al León|Enrique Flores
COC 176|Nuestra Visión Iuvare|Premiers Iuvare (Circe, Liz y Ángel)
COC 177|Libre al fin|Jorge Andrés Arzamendi
COC 178|AMG|Astrid y Leo Ayala
COC 179|Líderes del Network Marketing|Circe Rodríguez
COC 180|Nuestra Maestría|Astrid y Leo Ayala
COC 181|El Buda de Oro|Elizabeth Salinas
COC 182|El éxito no llega por casualidad|Andrés Rodríguez
COC 183|Este negocio es para toda la vida|Carlos y Jazmín Jurado
COC 184|¿Quién ya tiene su ciclo?|Rodrigo Villegas
COC 185|Bienvenida|Estela Salinas
COC 187|Siempre es la misma historia...|Estela Salinas
COC 188|Responsabilidad|Israel Galván
COC 189|El proceso de cerrar|Circe Rodríguez
COC 190|Enfócate en tu sueño|Daniel Hernández
COC 191|El poder de servir|Eduardo Barreto
COC 192|Hecho en Iuvare|Israel Galván
COC 193|Convenciendo a los enanos|Luis Costa
COC 194|El libro de mi vida|Elizabeth Salinas
COC 195|¿Qué significa tu nombre?|Daniel Hernández
COC 196|Cómplices de éxito|Alejandro Bautista
COC 197|Repetición, te va a crear un grupo de gente|Louis Carrillo
COC 198|Taller de ventas|Margot Fernández
COC 199|Un día éramos 3, hoy 8000|Jorge Andrés Arzamendi
COC 200|Paradigmas|Estela Salinas
COC 201|7 claves fundamentales del sistema Favao|Samantha Barocio
COC 202|Tandem|Raúl Villegas
COC 203|Entre el arroyo y la piedra|Diego Emerith
COC 204|Sueña en grande y acciona con el corazón|Enrique Poblete
COC 205|Comparte la visión de libertad|Lina Nayeli Sánchez
COC 206|Tercer acto, se abre el telón|Angélica Bautista
COC 207|Los juegos del éxito, Parte 1|Denisse Ducoing
COC 208|Los juegos del éxito, Parte 2|Denisse Ducoing
COC 209|El sistema te cambia la vida|Javier Vélez
COC 210|Un camino de libertad|Laura Bayardo
COC 211|Rotitos|Estela Salinas
COC 212|Los zapatos rojos|Gabriela Villagómez
COC 213|Un mundo mejor|Circe Rodríguez
COC 214|Alquimistas de vida|Berenice Garfias
COC 215|Iuvare: trabajo en equipo|Elizabeth Salinas
COC 216|Enfrenta tus miedos|Raúl Villegas
COC 217|Razonamientos y reflexiones|Benjamín Hernández
COC 218|Influencia|Enrique Flores
COC 219|Los juegos del hambre|Estela Salinas
